{"mu": [-0.8010504841804504, 0.03499862551689148, 0.0], "std": [8.167654991149902, 5.785186767578125, 1.0], "charset": " 0126789V\u0621\u0622\u0623\u0625\u0626\u0627\u0628\u0629\u062a\u062b\u062c\u062d\u062e\u062f\u0630\u0631\u0632\u0633\u0634\u0635\u0636\u0637\u0638\u0639\u063a\u0641\u0642\u0643\u0644\u0645\u0646\u0647\u0648\u0649\u064a\u0651"}